{
    "objects": [
        {
            "attributes": {
                "description": "Overview of all Windows Event Logs.",
                "hits": 0,
                "kibanaSavedObjectMeta": {
                    "searchSourceJSON": "{\"query\": {\"language\": \"kuery\", \"query\": \"\"}, \"filter\": []}"
                },
                "optionsJSON": "{\"darkTheme\": false}",
                "panelsJSON": "[{\"gridData\": {\"y\": 0, \"h\": 20, \"x\": 12, \"w\": 36, \"i\": \"1\"}, \"panelIndex\": \"1\", \"panelRefName\": \"panel_0\", \"version\": \"7.0.0-SNAPSHOT\"}, {\"gridData\": {\"y\": 0, \"h\": 20, \"x\": 0, \"w\": 12, \"i\": \"3\"}, \"panelIndex\": \"3\", \"panelRefName\": \"panel_1\", \"version\": \"7.0.0-SNAPSHOT\"}, {\"gridData\": {\"y\": 20, \"h\": 20, \"x\": 16, \"w\": 16, \"i\": \"4\"}, \"embeddableConfig\": {\"vis\": {\"params\": {\"sort\": {\"columnIndex\": null, \"direction\": null}}}}, \"panelIndex\": \"4\", \"panelRefName\": \"panel_2\", \"version\": \"7.0.0-SNAPSHOT\"}, {\"gridData\": {\"y\": 20, \"h\": 20, \"x\": 32, \"w\": 16, \"i\": \"5\"}, \"panelIndex\": \"5\", \"panelRefName\": \"panel_3\", \"version\": \"7.0.0-SNAPSHOT\"}, {\"gridData\": {\"y\": 20, \"h\": 20, \"x\": 0, \"w\": 16, \"i\": \"6\"}, \"panelIndex\": \"6\", \"panelRefName\": \"panel_4\", \"version\": \"7.0.0-SNAPSHOT\"}]",
                "timeRestore": false,
                "title": "[Winlogbeat] Overview",
                "version": 1
            },
            "id": "Winlogbeat-Dashboard-ecs",
            "migrationVersion": {
                "dashboard": "7.0.0"
            },
            "references": [
                {
                    "id": "Number-of-Events-Over-Time-By-Event-Log-ecs",
                    "name": "panel_0",
                    "type": "visualization"
                },
                {
                    "id": "Number-of-Events-ecs",
                    "name": "panel_1",
                    "type": "visualization"
                },
                {
                    "id": "Top-Event-IDs-ecs",
                    "name": "panel_2",
                    "type": "visualization"
                },
                {
                    "id": "Event-Levels-ecs",
                    "name": "panel_3",
                    "type": "visualization"
                },
                {
                    "id": "Sources-ecs",
                    "name": "panel_4",
                    "type": "visualization"
                }
            ],
            "type": "dashboard",
            "updated_at": "2019-02-05T19:56:19.932Z",
            "version": 7
        },
        {
            "attributes": {
                "description": "",
                "kibanaSavedObjectMeta": {
                    "searchSourceJSON": "{\"indexRefName\": \"kibanaSavedObjectMeta.searchSourceJSON.index\", \"query\": {\"language\": \"kuery\", \"query\": \"\"}, \"filter\": []}"
                },
                "title": "Number of Events Over Time By Channel [Winlogbeat Overview]",
                "uiStateJSON": "{}",
                "version": 1,
                "visState": "{\"params\": {\"addTimeMarker\": false, \"times\": [], \"addTooltip\": true, \"legendPosition\": \"right\", \"seriesParams\": [{\"valueAxis\": \"ValueAxis-1\", \"show\": \"true\", \"type\": \"histogram\", \"mode\": \"stacked\", \"data\": {\"label\": \"Count\", \"id\": \"1\"}}], \"categoryAxes\": [{\"title\": {}, \"show\": true, \"id\": \"CategoryAxis-1\", \"type\": \"category\", \"style\": {}, \"position\": \"bottom\", \"scale\": {\"type\": \"linear\"}, \"labels\": {\"show\": true, \"truncate\": 100}}], \"addLegend\": true, \"dimensions\": {\"y\": [{\"format\": {\"id\": \"number\"}, \"accessor\": 2, \"aggType\": \"count\", \"params\": {}}], \"x\": {\"format\": {\"params\": {\"pattern\": \"YYYY-MM-DD HH:mm\"}, \"id\": \"date\"}, \"accessor\": 0, \"aggType\": \"date_histogram\", \"params\": {\"interval\": 43200000, \"format\": \"YYYY-MM-DD HH:mm\", \"date\": true, \"bounds\": {\"max\": \"2019-02-05T04:30:25.961Z\", \"min\": \"2019-01-21T04:30:25.961Z\"}}}, \"series\": [{\"format\": {\"params\": {\"missingBucketLabel\": \"Missing\", \"id\": \"string\", \"otherBucketLabel\": \"Other\"}, \"id\": \"terms\"}, \"accessor\": 1, \"aggType\": \"terms\", \"params\": {}}]}, \"mode\": \"stacked\", \"shareYAxis\": true, \"defaultYExtents\": false, \"setYExtents\": false, \"valueAxes\": [{\"title\": {\"text\": \"Count\"}, \"show\": true, \"id\": \"ValueAxis-1\", \"type\": \"value\", \"labels\": {\"rotate\": 0, \"truncate\": 100, \"show\": true, \"filter\": false}, \"style\": {}, \"position\": \"left\", \"scale\": {\"defaultYExtents\": false, \"setYExtents\": false, \"mode\": \"normal\", \"type\": \"linear\"}, \"name\": \"LeftAxis-1\"}], \"yAxis\": {}, \"type\": \"histogram\", \"scale\": \"linear\", \"grid\": {\"categoryLines\": false, \"style\": {\"color\": \"#eee\"}}}, \"title\": \"Number of Events Over Time By Channel [Winlogbeat Overview]\", \"type\": \"histogram\", \"aggs\": [{\"schema\": \"metric\", \"params\": {}, \"id\": \"1\", \"enabled\": true, \"type\": \"count\"}, {\"schema\": \"segment\", \"params\": {\"useNormalizedEsInterval\": true, \"time_zone\": \"America/Montreal\", \"timeRange\": {\"to\": \"now\", \"from\": \"now-15d\", \"mode\": \"relative\"}, \"interval\": \"auto\", \"min_doc_count\": 1, \"drop_partials\": false, \"extended_bounds\": {}, \"field\": \"@timestamp\", \"customInterval\": \"2h\"}, \"id\": \"2\", \"enabled\": true, \"type\": \"date_histogram\"}, {\"schema\": \"group\", \"params\": {\"missingBucketLabel\": \"Missing\", \"otherBucketLabel\": \"Other\", \"customLabel\": \"Channel\", \"size\": 6, \"otherBucket\": false, \"orderBy\": \"1\", \"missingBucket\": false, \"field\": \"winlog.channel\", \"order\": \"desc\"}, \"id\": \"3\", \"enabled\": true, \"type\": \"terms\"}]}"
            },
            "id": "Number-of-Events-Over-Time-By-Event-Log-ecs",
            "migrationVersion": {
                "visualization": "7.0.0"
            },
            "references": [
                {
                    "id": "winlogbeat-*",
                    "name": "kibanaSavedObjectMeta.searchSourceJSON.index",
                    "type": "index-pattern"
                }
            ],
            "type": "visualization",
            "updated_at": "2019-02-05T19:56:19.932Z",
            "version": 7
        },
        {
            "attributes": {
                "description": "",
                "kibanaSavedObjectMeta": {
                    "searchSourceJSON": "{\"indexRefName\": \"kibanaSavedObjectMeta.searchSourceJSON.index\", \"query\": {\"language\": \"kuery\", \"query\": \"\"}, \"filter\": []}"
                },
                "title": "Number of Events [Winlogbeat Overview]",
                "uiStateJSON": "{}",
                "version": 1,
                "visState": "{\"params\": {\"fontSize\": 60}, \"listeners\": {}, \"type\": \"metric\", \"aggs\": [{\"schema\": \"metric\", \"params\": {}, \"id\": \"1\", \"type\": \"count\"}]}"
            },
            "id": "Number-of-Events-ecs",
            "migrationVersion": {
                "visualization": "7.0.0"
            },
            "references": [
                {
                    "id": "winlogbeat-*",
                    "name": "kibanaSavedObjectMeta.searchSourceJSON.index",
                    "type": "index-pattern"
                }
            ],
            "type": "visualization",
            "updated_at": "2019-02-05T19:56:19.932Z",
            "version": 7
        },
        {
            "attributes": {
                "description": "",
                "kibanaSavedObjectMeta": {
                    "searchSourceJSON": "{\"indexRefName\": \"kibanaSavedObjectMeta.searchSourceJSON.index\", \"query\": {\"language\": \"kuery\", \"query\": \"\"}, \"filter\": []}"
                },
                "title": "Top Event IDs [Winlogbeat Overview]",
                "uiStateJSON": "{\"vis\": {\"params\": {\"sort\": {\"columnIndex\": null, \"direction\": null}}}}",
                "version": 1,
                "visState": "{\"params\": {\"totalFunc\": \"sum\", \"sort\": {\"columnIndex\": null, \"direction\": null}, \"showMetricsAtAllLevels\": false, \"perPage\": 10, \"dimensions\": {\"metrics\": [{\"format\": {\"id\": \"number\"}, \"accessor\": 1, \"aggType\": \"count\", \"params\": {}}], \"buckets\": [{\"format\": {\"params\": {\"missingBucketLabel\": \"Missing\", \"id\": \"string\", \"otherBucketLabel\": \"Other\"}, \"id\": \"terms\"}, \"accessor\": 0, \"aggType\": \"terms\", \"params\": {}}]}, \"showTotal\": false, \"showPartialRows\": false}, \"title\": \"Top Event IDs [Winlogbeat Overview]\", \"type\": \"table\", \"aggs\": [{\"schema\": \"metric\", \"params\": {}, \"id\": \"1\", \"enabled\": true, \"type\": \"count\"}, {\"schema\": \"bucket\", \"params\": {\"missingBucketLabel\": \"Missing\", \"otherBucketLabel\": \"Other\", \"customLabel\": \"Event IDs\", \"size\": 5, \"otherBucket\": false, \"orderBy\": \"1\", \"missingBucket\": false, \"field\": \"winlog.event_id\", \"order\": \"desc\"}, \"id\": \"2\", \"enabled\": true, \"type\": \"terms\"}]}"
            },
            "id": "Top-Event-IDs-ecs",
            "migrationVersion": {
                "visualization": "7.0.0"
            },
            "references": [
                {
                    "id": "winlogbeat-*",
                    "name": "kibanaSavedObjectMeta.searchSourceJSON.index",
                    "type": "index-pattern"
                }
            ],
            "type": "visualization",
            "updated_at": "2019-02-05T19:56:19.932Z",
            "version": 7
        },
        {
            "attributes": {
                "description": "",
                "kibanaSavedObjectMeta": {
                    "searchSourceJSON": "{\"indexRefName\": \"kibanaSavedObjectMeta.searchSourceJSON.index\", \"query\": {\"language\": \"kuery\", \"query\": \"\"}, \"filter\": []}"
                },
                "title": "Event Levels [Winlogbeat Overview]",
                "uiStateJSON": "{\"vis\": {\"params\": {\"sort\": {\"columnIndex\": null, \"direction\": null}}}}",
                "version": 1,
                "visState": "{\"params\": {\"totalFunc\": \"sum\", \"sort\": {\"columnIndex\": null, \"direction\": null}, \"showMetricsAtAllLevels\": false, \"perPage\": 10, \"dimensions\": {\"metrics\": [{\"format\": {\"id\": \"number\"}, \"accessor\": 1, \"aggType\": \"count\", \"params\": {}}], \"buckets\": [{\"format\": {\"params\": {\"missingBucketLabel\": \"Missing\", \"id\": \"string\", \"otherBucketLabel\": \"Other\"}, \"id\": \"terms\"}, \"accessor\": 0, \"aggType\": \"terms\", \"params\": {}}]}, \"showTotal\": false, \"showPartialRows\": false}, \"title\": \"Event Levels [Winlogbeat Overview]\", \"type\": \"table\", \"aggs\": [{\"schema\": \"metric\", \"params\": {}, \"id\": \"1\", \"enabled\": true, \"type\": \"count\"}, {\"schema\": \"bucket\", \"params\": {\"missingBucketLabel\": \"Missing\", \"otherBucketLabel\": \"Other\", \"customLabel\": \"Log Levels\", \"size\": 5, \"otherBucket\": false, \"orderBy\": \"1\", \"missingBucket\": false, \"field\": \"log.level\", \"order\": \"desc\"}, \"id\": \"2\", \"enabled\": true, \"type\": \"terms\"}]}"
            },
            "id": "Event-Levels-ecs",
            "migrationVersion": {
                "visualization": "7.0.0"
            },
            "references": [
                {
                    "id": "winlogbeat-*",
                    "name": "kibanaSavedObjectMeta.searchSourceJSON.index",
                    "type": "index-pattern"
                }
            ],
            "type": "visualization",
            "updated_at": "2019-02-05T19:56:19.932Z",
            "version": 7
        },
        {
            "attributes": {
                "description": "",
                "kibanaSavedObjectMeta": {
                    "searchSourceJSON": "{\"indexRefName\": \"kibanaSavedObjectMeta.searchSourceJSON.index\", \"query\": {\"language\": \"kuery\", \"query\": \"\"}, \"filter\": []}"
                },
                "title": "Sources (Provider Names) [Winlogbeat Overview]",
                "uiStateJSON": "{}",
                "version": 1,
                "visState": "{\"params\": {\"addLegend\": true, \"shareYAxis\": true, \"legendPosition\": \"right\", \"addTooltip\": true, \"labels\": {\"show\": false, \"values\": true, \"last_level\": true, \"truncate\": 100}, \"type\": \"pie\", \"isDonut\": false}, \"title\": \"Sources (Provider Names) [Winlogbeat Overview]\", \"type\": \"pie\", \"aggs\": [{\"schema\": \"metric\", \"params\": {}, \"id\": \"1\", \"enabled\": true, \"type\": \"count\"}, {\"schema\": \"segment\", \"params\": {\"missingBucketLabel\": \"Missing\", \"otherBucketLabel\": \"Other\", \"size\": 7, \"otherBucket\": false, \"orderBy\": \"1\", \"missingBucket\": false, \"field\": \"winlog.provider_name\", \"order\": \"desc\"}, \"id\": \"2\", \"enabled\": true, \"type\": \"terms\"}]}"
            },
            "id": "Sources-ecs",
            "migrationVersion": {
                "visualization": "7.0.0"
            },
            "references": [
                {
                    "id": "winlogbeat-*",
                    "name": "kibanaSavedObjectMeta.searchSourceJSON.index",
                    "type": "index-pattern"
                }
            ],
            "type": "visualization",
            "updated_at": "2019-02-05T19:56:19.932Z",
            "version": 7
        }
    ],
    "version": "7.0.0-SNAPSHOT"
}